A glittering gems is not enough .,2,gem
A purple pig and a green donkey fly a kite in the middle of the night and ended up sunburnt .,7,flew
A song can made or ruin a person's day if they let it get to them .,3,make
Abstract is often one floor above you .,1,are
Cats are good pets for they are cleans and are not noisy .,7,clean
Check back tomorrow I will saw if the book has arrived .,5,see
Christmas is comes .,2,coming
Don't step on the break glass .,4,broken
Everyone was busy so I going to the movie alone .,5,went
He didn't want to go to the dentist yet he go anyway .,10,went
He running out of money so he had to stop playing poker .,1,ran
He said he was not there yesterday however many people sees him there .,10,saw
He telling us a very exciting adventure story .,1,told
He turns in the research paper on Friday otherwise he would have not passed the class .,1,turned
How hard did the math test made you think ?,6,make
I am counter my calories yet I really want dessert .,2,counting
I am happy to took your donation .,4,take
I am never at homes on Sundays .,4,home
I checked to making sure that he was still alive .,3,make
I currently have 4 windows open up and I don't knew why .,10,know
I hears that Nancy is very pretty .,1,hear
I love eat toasted cheese and tuna sandwiches .,2,eating
I often seen the time 11:11 or 12:34 on clocks  .,2,see
I plan to spending two weeks there next year  .,3,spend
I really want to go to work but I am too sickly to drive .,11,sick
I think I will bought the red car or I will lease the blue one  .,4,buy
I want more detailer information .,3,detailed
I want to bought a onesie but know it won't suit me .,3,buy
I was very proud of my nickname throughout high school .,1,was
I will never being this young again .,3,be
I would have gotten the promotion but my attendance wasn't good enough .,3,gotten
I'd rather be a birds than a fish .,4,bird
If I don't liking something I'll stay away from it .,3,like
If Purple People Eaters are real where do they finding purple people to eat ?,9,find
If the Easter Bunny and the Tooth Fairy having babies would they take your teeth and leave chocolate for you ?,8,have
If you like tuna and tomato sauce tried combining the two .,7,try
It was got dark and we weren't there yet .,2,getting
Jerry coming asking for bread .,1,came
Joe made the sugar cookies Susan decorate them .,6,decorated
Last Friday in three week's time I saw a spotted striped blue worm shook hands with a legless lizard .,13,shaking
Let me helped you with your baggage .,2,help
Lets all be unique together until we realizing we are all the same .,7,realize
Malls are great places to shop I can found everything I need under one roof .,8,find
Mary player the piano .,1,played
My Mum tries to be cool by said that she likes all the same things that I do .,7,saying
Please waited outside of the house .,1,wait
Rock musical approaches at high velocity .,1,music
She adviser him to come back at once .,1,advised
She always speaks to him in a louden voice .,7,loud
She borrowed the book from him many years ago and hasn't yet returned it .,6,many
She did her bestest to help him .,3,best
She did not cheat on the testing for it was not the right thing to do .,6,test
She folder her handkerchief neatly .,1,folds
She only paints with bold colors she does not like pastels .,2,paints
She was too shorten to see over the fence .,3,short
She works two jobs to make ends met ; at least that was her reason for not having time to join us .,7,meet
She writing him a long letter but he didn't read it .,1,wrote
Should we starting class now or should we wait for everyone to get here ?,2,start
Someone I knew recently combined Maple Syrup & buttered Popcorn thinking it would taste like caramel popcorn .,2,know
Sometimes all you need to do is completely made a fool of yourself .,8,make
Sometimes it is better to just walking away from things and go back to them later when you're in a better frame of mind .,6,walk
The body may perhaps compensates for the loss of a true metaphysics .,4,compensate
The booking is in front of the table .,1,book
The clock within this blog failing to be correct .,5,fails
The lake is a longer way from here .,4,long
The memory we used to shared is no longer coherent .,5,share
The mysterious diary recorder the voice .,3,recorded
The old apple reveling in its authority .,3,revels
The quickly brown fox jumps over the lazy dog .,1,quick
The river stole the godly .,4,gods
The shooter say goodbye to his love .,2,said
The sky is clear the stars are twinkling .,2,is
The stranger officiating the meal .,2,officiates
The waves were crashing on the shore; it was a lovely sight .,3,crashing
There was no ice cream in the freezer nor does they have money to go to the store .,9,do
There were white out condition in the town .,4,conditions
They got there early and they getting really good seats .,6,got
This is a Japanese doller .,4,doll
This is the last randomizer sentence I will be writing .,4,random
Tom get a small piece of pie .,1,got
Two seat were vacant .,1,seats
Is it freely ?,2,free
We have a lots of rain in June .,3,lot
We have never been to Asia nor have we visiting Africa .,9,visited
We need to rented a room for our party .,3,rent
We really should be hurry to the airport !,4,hurrying
Wednesday is hump day but has anyone ask the camel if he's happy about it ?,7,asked
What was the person thinking when they discovered cow's milk was fine for humanitarian consumption and why did they do it in the first place ?,13,human
When I was little I had a car door slams shut on my hand .,9,slam
Where do random thoughts coming from ?,4,come
Wow does that worker ?,3,work
Writing a list of random sentences is hard than I initially thought it would be .,7,harder
Yeah I think it's a good environment for learn English .,8,learning